Result Title,URL
Write your first Selenium script | Selenium,https://www.selenium.dev/documentation/webdriver/getting_started/first_script/
Free Selenium Tutorial | Beginner To Advanced Level,https://www.softwaretestingmaterial.com/selenium-tutorial/
Best Selenium Books in 2024 to Learn - Top Mini Sites,https://topminisite.com/blog/best-selenium-books-in-year
Selenium,https://www.selenium.dev/
Selenium Automation Testing: Step by Step Guide for 2024 - Simplilearn,https://www.simplilearn.com/tutorials/selenium-tutorial/selenium-automation-testing
Page object models | Selenium,https://www.selenium.dev/documentation/test_practices/encouraged/page_object_models/
Selenium Webdriver Tutorial in Java with Examples | BrowserStack,https://www.browserstack.com/guide/selenium-webdriver-tutorial
Selenium Python Tutorial - GeeksforGeeks,https://www.geeksforgeeks.org/selenium-python-tutorial/
Selenium Tutorial - A Comprehensive Guide for Beginners in 2024 - Edureka,https://www.edureka.co/blog/selenium-tutorial
Selenium Tutorial for Beginners - Simplilearn,https://www.simplilearn.com/tutorials/selenium-tutorial
An Introduction to Selenium with Python - Simplilearn,https://www.simplilearn.com/tutorials/python-tutorial/selenium-with-python
Selenium - Wikipedia,https://en.wikipedia.org/wiki/Selenium
Selenium Mobile Testing | Blog | Digital.ai,https://digital.ai/catalyst-blog/the-comprehensive-guide-for-selenium-mobile-testing/
Learn How To Build and Execute Selenium Projects | Edureka,https://www.edureka.co/blog/selenium-projects/
Top Selenium Interview Questions and Answers 2024 - MindMajix,https://mindmajix.com/selenium-interview-questions
Finding web elements | Selenium,https://www.selenium.dev/documentation/webdriver/elements/finders/
Selecting default search engine is needed for Chrome version 127,https://stackoverflow.com/questions/78787332/selecting-default-search-engine-is-needed-for-chrome-version-127
190+ Selenium Interview Questions (2024) To Crack An Interview,https://www.softwaretestingmaterial.com/selenium-interview-questions/
selenium · PyPI,https://pypi.org/project/selenium/
Best Django Books (2024) - Will Vincent,https://wsvincent.com/best-django-books/
Distribution and soil threshold of selenium in the cropland of ... - Nature,https://www.nature.com/articles/s41598-024-67450-7
Driver Sessions | Selenium,https://www.selenium.dev/documentation/webdriver/drivers/
Effect of Selenium Doping on the Electronic Properties of β ... - Springer,https://link.springer.com/article/10.1007/s11664-024-11292-6
Alginate Extracted from Azotobacter chroococcum Loaded in Selenium ...,https://www.mdpi.com/2073-4360/16/14/2065
Working with windows and tabs | Selenium,https://www.selenium.dev/documentation/webdriver/interactions/windows/
Nanozyme in Alzheimer's Disease diagnostics and therapy,https://pubs.rsc.org/en/content/articlelanding/2024/bm/d4bm00586d
Edge specific functionality | Selenium,https://www.selenium.dev/documentation/webdriver/browsers/edge/
